[
    {"nombre": "Ancón", "categoria": "Pobre"},
    {"nombre": "Ate", "categoria": "Pobre"},
    {"nombre": "Barranco", "categoria": "No Pobre"},
    {"nombre": "Breña", "categoria": "No Pobre"},
    {"nombre": "Carabayllo", "categoria": "Pobre"},
    {"nombre": "Chaclacayo", "categoria": "Pobre"},
    {"nombre": "Chorrillos", "categoria": "No Pobre"},
    {"nombre": "Cieneguilla", "categoria": "Pobre"},
    {"nombre": "Comas", "categoria": "Pobre"},
    {"nombre": "El Agustino", "categoria": "Pobre"},
    {"nombre": "Independencia", "categoria": "Pobre"},
    {"nombre": "Jesús María", "categoria": "No Pobre"},
    {"nombre": "La Molina", "categoria": "No Pobre"},
    {"nombre": "La Victoria", "categoria": "Pobre"},
    {"nombre": "Lima (Cercado)", "categoria": "No Pobre"},
    {"nombre": "Lince", "categoria": "No Pobre"},
    {"nombre": "Los Olivos", "categoria": "No Pobre"},
    {"nombre": "Lurigancho-Chosica", "categoria": "Pobre"},
    {"nombre": "Lurín", "categoria": "Pobre"},
    {"nombre": "Magdalena del Mar", "categoria": "No Pobre"},
    {"nombre": "Miraflores", "categoria": "No Pobre"},
    {"nombre": "Pachacámac", "categoria": "Pobre Extremo"},
    {"nombre": "Pucusana", "categoria": "Pobre Extremo"},
    {"nombre": "Pueblo Libre", "categoria": "No Pobre"},
    {"nombre": "Puente Piedra", "categoria": "Pobre"},
    {"nombre": "Punta Hermosa", "categoria": "No Pobre"},
    {"nombre": "Punta Negra", "categoria": "Pobre"},
    {"nombre": "Rímac", "categoria": "Pobre"},
    {"nombre": "San Bartolo", "categoria": "No Pobre"},
    {"nombre": "San Borja", "categoria": "No Pobre"},
    {"nombre": "San Isidro", "categoria": "No Pobre"},
    {"nombre": "San Juan de Lurigancho", "categoria": "Pobre"},
    {"nombre": "San Juan de Miraflores", "categoria": "Pobre"},
    {"nombre": "San Luis", "categoria": "No Pobre"},
    {"nombre": "San Martín de Porres", "categoria": "Pobre"},
    {"nombre": "San Miguel", "categoria": "No Pobre"},
    {"nombre": "Santa Anita", "categoria": "Pobre"},
    {"nombre": "Santa María del Mar", "categoria": "No Pobre"},
    {"nombre": "Santa Rosa", "categoria": "Pobre Extremo"},
    {"nombre": "Santiago de Surco", "categoria": "No Pobre"},
    {"nombre": "Surquillo", "categoria": "No Pobre"},
    {"nombre": "Villa El Salvador", "categoria": "Pobre"},
    {"nombre": "Villa María del Triunfo", "categoria": "Pobre"}
]